Date,VCN.TO,XIC.TO,BTCC-B.TO,ETHH-B.TO
2022-01-04,42.869998931884766,33.77000045776367,8.699999809265137,17.389999389648438
2022-01-05,42.5,33.470001220703125,8.289999961853027,16.389999389648438
2022-01-06,42.59000015258789,33.52000045776367,8.140000343322754,15.609999656677246
2022-01-07,42.63999938964844,33.529998779296875,7.840000152587891,14.510000228881836
2022-01-10,42.599998474121094,33.5099983215332,7.820000171661377,13.979999542236328
2022-01-11,42.9900016784668,33.86000061035156,7.96999979019165,14.600000381469727
2022-01-12,43.25,34.040000915527344,8.109999656677246,15.149999618530273
2022-01-13,43.029998779296875,33.88999938964844,7.909999847412109,14.649999618530273
2022-01-14,43.20000076293945,33.9900016784668,8.010000228881836,14.869999885559082
2022-01-17,43.560001373291016,34.34000015258789,7.800000190734863,14.390000343322754
2022-01-18,43.040000915527344,33.86000061035156,7.724999904632568,13.989999771118164
2022-01-19,42.880001068115234,33.72999954223633,7.690000057220459,13.899999618530273
2022-01-20,42.58000183105469,33.52000045776367,7.900000095367432,14.279999732971191
2022-01-21,41.68000030517578,32.790000915527344,7.139999866485596,12.350000381469727
2022-01-24,41.63999938964844,32.75,6.960000038146973,11.109999656677246
2022-01-25,41.66999816894531,32.790000915527344,6.880000114440918,11.010000228881836
2022-01-26,41.720001220703125,32.810001373291016,6.940000057220459,11.40999984741211
2022-01-27,41.619998931884766,32.720001220703125,6.699999809265137,10.65999984741211
2022-01-28,41.9900016784668,33.040000915527344,7.130000114440918,11.479999542236328
2022-01-31,42.75,33.61000061035156,7.230000019073486,12.220000267028809
2022-02-01,43.16999816894531,33.970001220703125,7.230000019073486,12.609999656677246
2022-02-02,43.279998779296875,34.029998779296875,7.03000020980835,12.350000381469727
2022-02-03,42.720001220703125,33.61000061035156,6.804999828338623,11.710000038146973
2022-02-04,43.08000183105469,33.88999938964844,7.650000095367432,13.489999771118164
2022-02-07,42.9900016784668,33.84000015258789,8.260000228881836,14.279999732971191
2022-02-08,43.290000915527344,34.060001373291016,8.3149995803833,14.1899995803833
2022-02-09,43.7400016784668,34.43000030517578,8.390000343322754,14.779999732971191
2022-02-10,43.61000061035156,34.31999969482422,8.289999961853027,14.140000343322754
2022-02-11,43.59000015258789,34.33000183105469,7.960000038146973,13.289999961853027
2022-02-14,43.2599983215332,34.060001373291016,7.929999828338623,13.1899995803833
2022-02-15,43.540000915527344,34.290000915527344,8.300000190734863,14.180000305175781
2022-02-16,43.33000183105469,34.099998474121094,8.270000457763672,14.289999961853027
2022-02-17,42.88999938964844,33.72999954223633,7.679999828338623,13.170000076293945
2022-02-18,42.560001373291016,33.52000045776367,7.53000020980835,12.6899995803833
2022-02-22,42.33000183105469,33.349998474121094,7.150000095367432,11.869999885559082
2022-02-23,42.0,33.09000015258789,7.090000152587891,11.930000305175781
2022-02-24,42.040000915527344,33.130001068115234,7.260000228881836,12.140000343322754
2022-02-25,42.77000045776367,33.68000030517578,7.329999923706055,12.319999694824219
2022-02-28,42.779998779296875,33.70000076293945,7.849999904632568,12.819999694824219
2022-03-01,42.529998779296875,33.52000045776367,8.300000190734863,13.5600004196167
2022-03-02,43.040000915527344,33.93000030517578,8.170000076293945,13.300000190734863
2022-03-03,43.09000015258789,33.93000030517578,7.860000133514404,12.670000076293945
2022-03-04,43.400001525878906,34.18000030517578,7.420000076293945,11.90999984741211
2022-03-07,43.220001220703125,34.02000045776367,7.099999904632568,11.270000457763672
2022-03-08,43.0,33.90999984741211,7.329999923706055,11.770000457763672
2022-03-09,43.560001373291016,34.33000183105469,7.909999847412109,12.279999732971191
2022-03-10,43.72999954223633,34.47999954223633,7.46999979019165,11.960000038146973
2022-03-11,43.5,34.279998779296875,7.210000038146973,11.510000228881836
2022-03-14,43.0,33.86000061035156,7.340000152587891,11.600000381469727
2022-03-15,43.029998779296875,33.900001525878906,7.480000019073486,12.130000114440918
2022-03-16,43.59000015258789,34.33000183105469,7.659999847412109,12.479999542236328
2022-03-17,44.20000076293945,34.810001373291016,7.605000019073486,12.739999771118164
2022-03-18,44.310001373291016,34.88999938964844,7.809999942779541,13.359999656677246
2022-03-21,44.66999816894531,35.189998626708984,7.650000095367432,13.130000114440918
2022-03-22,44.81999969482422,35.29999923706055,7.849999904632568,13.40999984741211
2022-03-23,44.5,35.060001373291016,7.829999923706055,13.3100004196167
2022-03-24,44.529998779296875,35.09000015258789,8.119999885559082,13.90999984741211
2022-03-25,44.650001525878906,34.9900016784668,8.180000305175781,13.869999885559082
2022-03-28,44.63999938964844,34.95000076293945,8.854999542236328,15.229999542236328
2022-03-29,44.81999969482422,35.119998931884766,8.800000190734863,15.300000190734863
2022-03-30,44.86000061035156,35.130001068115234,8.65999984741211,15.100000381469727
2022-03-31,44.189998626708984,34.86000061035156,8.40999984741211,14.6899995803833
2022-04-01,44.25,34.93000030517578,8.5600004196167,15.479999542236328
2022-04-04,44.52000045776367,35.130001068115234,8.460000038146973,15.5600004196167
2022-04-05,44.2400016784668,34.900001525878906,8.479999542236328,15.4399995803833
2022-04-06,43.95000076293945,34.68000030517578,8.09000015258789,14.40999984741211
2022-04-07,44.040000915527344,34.7400016784668,8.029999732971191,14.449999809265137
2022-04-08,44.13999938964844,34.83000183105469,7.920000076293945,14.510000228881836
2022-04-11,43.970001220703125,34.70000076293945,7.449999809265137,13.5600004196167
2022-04-12,43.83000183105469,34.59000015258789,7.320000171661377,13.399999618530273
2022-04-13,44.06999969482422,34.779998779296875,7.599999904632568,13.829999923706055
2022-04-14,44.08000183105469,34.810001373291016,7.400000095367432,13.489999771118164
2022-04-18,44.099998474121094,34.83000183105469,7.559999942779541,13.5
2022-04-19,44.45000076293945,35.060001373291016,7.710000038146973,14.010000228881836
2022-04-20,44.38999938964844,35.029998779296875,7.570000171661377,13.680000305175781
2022-04-21,43.70000076293945,34.47999954223633,7.630000114440918,13.5600004196167
2022-04-22,42.79999923706055,33.779998779296875,7.400000095367432,13.380000114440918
2022-04-25,42.459999084472656,33.4900016784668,7.539999961853027,13.670000076293945
2022-04-26,41.79999923706055,32.97999954223633,7.210000038146973,12.9399995803833
2022-04-27,41.900001525878906,33.060001373291016,7.340000152587891,13.020000457763672
2022-04-28,42.650001525878906,33.63999938964844,7.53000020980835,13.4399995803833
2022-04-29,41.939998626708984,33.11000061035156,7.239999771118164,12.765000343322754
2022-05-02,41.84000015258789,32.9900016784668,7.309999942779541,13.010000228881836
2022-05-03,42.2599983215332,33.33000183105469,7.110000133514404,12.680000305175781
2022-05-04,42.81999969482422,33.779998779296875,7.46999979019165,13.40999984741211
2022-05-05,41.84000015258789,33.0099983215332,6.860000133514404,12.489999771118164
2022-05-06,41.709999084472656,32.900001525878906,6.820000171661377,12.329999923706055
2022-05-09,40.47999954223633,31.889999389648438,5.929999828338623,10.520000457763672
2022-05-10,40.2599983215332,31.690000534057617,6.010000228881836,10.9399995803833
2022-05-11,40.150001525878906,31.6299991607666,5.590000152587891,9.770000457763672
2022-05-12,39.86000061035156,31.459999084472656,5.480000019073486,9.029999732971191
2022-05-13,40.709999084472656,32.060001373291016,5.710000038146973,9.5
2022-05-16,40.88999938964844,32.25,5.579999923706055,9.15999984741211
2022-05-17,41.41999816894531,32.68000030517578,5.650000095367432,9.3100004196167
2022-05-18,40.65999984741211,32.029998779296875,5.539999961853027,9.09000015258789
2022-05-19,40.849998474121094,32.209999084472656,5.639999866485596,9.069999694824219
2022-05-20,40.81999969482422,32.220001220703125,5.53000020980835,8.970000267028809
2022-05-24,41.09000015258789,32.400001525878906,5.53000020980835,8.920000076293945
2022-05-25,41.290000915527344,32.529998779296875,5.570000171661377,8.880000114440918
2022-05-26,41.58000183105469,32.790000915527344,5.519999980926514,8.289999961853027
2022-05-27,42.02000045776367,33.13999938964844,5.400000095367432,7.929999828338623
2022-05-30,42.36000061035156,33.38999938964844,5.710000038146973,8.630000114440918
2022-05-31,41.9900016784668,33.119998931884766,5.869999885559082,8.6899995803833
2022-06-01,41.9900016784668,33.099998474121094,5.599999904632568,8.199999809265137
2022-06-02,42.58000183105469,33.619998931884766,5.599999904632568,8.15999984741211
2022-06-03,42.11000061035156,33.22999954223633,5.460000038146973,7.840000152587891
2022-06-06,42.13999938964844,33.2599983215332,5.809999942779541,8.319999694824219
2022-06-07,42.34000015258789,33.45000076293945,5.710000038146973,8.220000267028809
2022-06-08,42.060001373291016,33.209999084472656,5.559999942779541,7.980000019073486
2022-06-09,41.689998626708984,32.880001068115234,5.599999904632568,8.050000190734863
2022-06-10,41.09000015258789,32.41999816894531,5.429999828338623,7.579999923706055
2022-06-13,39.970001220703125,31.56999969482422,4.389999866485596,5.610000133514404
2022-06-14,39.65999984741211,31.260000228881836,4.21999979019165,5.559999942779541
2022-06-15,39.779998779296875,31.3700008392334,4.090000152587891,5.360000133514404
2022-06-16,38.54999923706055,30.399999618530273,3.9600000381469727,5.039999961853027
2022-06-17,38.400001525878906,30.299999237060547,3.9200000762939453,5.0
2022-06-20,38.939998626708984,30.690000534057617,3.8299999237060547,5.119999885559082
2022-06-21,39.08000183105469,30.81999969482422,3.9600000381469727,5.170000076293945
2022-06-22,38.59000015258789,30.420000076293945,3.825000047683716,4.929999828338623
2022-06-23,38.02000045776367,29.959999084472656,3.990000009536743,5.199999809265137
2022-06-24,38.709999084472656,30.299999237060547,4.03000020980835,5.619999885559082
2022-06-27,39.119998931884766,30.600000381469727,3.940000057220459,5.480000019073486
2022-06-28,39.04999923706055,30.540000915527344,3.8299999237060547,5.28000020980835
2022-06-29,38.79999923706055,30.350000381469727,3.825000047683716,5.110000133514404
2022-06-30,38.09000015258789,30.010000228881836,3.559999942779541,4.659999847412109
2022-07-04,38.40999984741211,30.290000915527344,3.740000009536743,5.139999866485596
2022-07-05,38.060001373291016,29.959999084472656,3.9000000953674316,5.300000190734863
2022-07-06,37.880001068115234,29.809999465942383,3.880000114440918,5.340000152587891
2022-07-07,38.540000915527344,30.329999923706055,4.159999847412109,5.739999771118164
2022-07-08,38.459999084472656,30.290000915527344,4.130000114440918,5.710000038146973
2022-07-11,38.040000915527344,29.959999084472656,3.9100000858306885,5.264999866485596
2022-07-12,37.779998779296875,29.729999542236328,3.700000047683716,4.820000171661377
2022-07-13,37.66999816894531,29.639999389648438,3.740000009536743,4.960000038146973
2022-07-14,37.08000183105469,29.190000534057617,3.9700000286102295,5.550000190734863
2022-07-15,37.18000030517578,29.270000457763672,4.039999961853027,5.860000133514404
2022-07-18,37.56999969482422,29.59000015258789,4.119999885559082,6.760000228881836
2022-07-19,38.290000915527344,30.15999984741211,4.420000076293945,7.150000095367432
2022-07-20,38.459999084472656,30.280000686645508,4.46999979019165,7.079999923706055
2022-07-21,38.5099983215332,30.34000015258789,4.389999866485596,7.210000038146973
2022-07-22,38.38999938964844,30.239999771118164,4.28000020980835,6.980000019073486
2022-07-25,38.63999938964844,30.440000534057617,4.110000133514404,6.820000171661377
2022-07-26,38.369998931884766,30.229999542236328,3.950000047683716,6.260000228881836
2022-07-27,38.939998626708984,30.690000534057617,4.289999961853027,7.21999979019165
2022-07-28,39.31999969482422,31.0,4.480000019073486,7.840000152587891
2022-07-29,39.81999969482422,31.40999984741211,4.480000019073486,7.820000171661377
2022-08-02,39.43000030517578,31.100000381469727,4.329999923706055,7.480000019073486
2022-08-03,39.54999923706055,31.149999618530273,4.420000076293945,7.53000020980835
2022-08-04,39.61000061035156,31.219999313354492,4.230000019073486,7.239999771118164
2022-08-05,39.68000030517578,31.290000915527344,4.349999904632568,7.710000038146973
2022-08-08,39.779998779296875,31.350000381469727,4.5,8.140000343322754
2022-08-09,39.56999969482422,31.200000762939453,4.355000019073486,7.710000038146973
2022-08-10,40.18000030517578,31.700000762939453,4.429999828338623,8.25
2022-08-11,40.40999984741211,31.8799991607666,4.53000020980835,8.59000015258789
2022-08-12,40.79999923706055,32.20000076293945,4.539999961853027,8.739999771118164
2022-08-15,40.84000015258789,32.20000076293945,4.53000020980835,8.649999618530273
2022-08-16,41.04999923706055,32.34000015258789,4.510000228881836,8.5600004196167
2022-08-17,40.88999938964844,32.189998626708984,4.400000095367432,8.399999618530273
2022-08-18,41.04999923706055,32.33000183105469,4.420000076293945,8.579999923706055
2022-08-19,40.7400016784668,32.08000183105469,4.059999942779541,7.829999923706055
2022-08-22,40.45000076293945,31.8799991607666,4.019999980926514,7.25
2022-08-23,40.4900016784668,31.90999984741211,4.079999923706055,7.585000038146973
2022-08-24,40.5099983215332,31.950000762939453,4.130000114440918,7.71999979019165
2022-08-25,40.84000015258789,32.220001220703125,4.090000152587891,7.829999923706055
2022-08-26,40.25,31.739999771118164,3.950000047683716,7.21999979019165
2022-08-29,40.18000030517578,31.65999984741211,3.8299999237060547,7.059999942779541
2022-08-30,39.4900016784668,31.15999984741211,3.8299999237060547,7.170000076293945
2022-08-31,39.22999954223633,30.8700008392334,3.890000104904175,7.329999923706055
2022-09-01,38.810001373291016,30.610000610351562,3.819999933242798,7.289999961853027
2022-09-02,39.08000183105469,30.809999465942383,3.8299999237060547,7.260000228881836
2022-09-06,38.70000076293945,30.520000457763672,3.630000114440918,7.349999904632568
2022-09-07,39.04999923706055,30.760000228881836,3.6500000953674316,7.300000190734863
2022-09-08,39.38999938964844,31.030000686645508,3.7100000381469727,7.650000095367432
2022-09-09,40.119998931884766,31.610000610351562,4.059999942779541,7.940000057220459
2022-09-12,40.54999923706055,31.969999313354492,4.269999980926514,7.909999847412109
2022-09-13,39.869998931884766,31.420000076293945,3.9100000858306885,7.570000171661377
2022-09-14,40.02000045776367,31.559999465942383,3.8550000190734863,7.46999979019165
2022-09-15,39.70000076293945,31.299999237060547,3.8350000381469727,7.110000133514404
2022-09-16,39.34000015258789,31.030000686645508,3.819999933242798,6.789999961853027
2022-09-19,39.72999954223633,31.309999465942383,3.7899999618530273,6.400000095367432
2022-09-20,39.34000015258789,31.0,3.7200000286102295,6.400000095367432
2022-09-21,38.970001220703125,30.690000534057617,3.75,6.320000171661377
2022-09-22,38.619998931884766,30.43000030517578,3.819999933242798,6.329999923706055
2022-09-23,37.58000183105469,29.329999923706055,3.740000009536743,6.230000019073486
2022-09-26,37.33000183105469,29.09000015258789,3.859999895095825,6.510000228881836
2022-09-27,37.2400016784668,29.079999923706055,3.8399999141693115,6.440000057220459
2022-09-28,38.0099983215332,29.6299991607666,3.890000104904175,6.449999809265137
2022-09-29,37.2400016784668,29.299999237060547,3.880000114440918,6.489999771118164
2022-09-30,37.209999084472656,29.290000915527344,3.940000057220459,6.559999942779541
2022-10-03,38.099998474121094,29.989999771118164,3.9000000953674316,6.360000133514404
2022-10-04,39.119998931884766,30.780000686645508,4.0,6.510000228881836
2022-10-05,38.81999969482422,30.56999969482422,4.0,6.519999980926514
2022-10-06,38.310001373291016,30.190000534057617,4.03000020980835,6.630000114440918
2022-10-07,37.52000045776367,29.559999465942383,3.9100000858306885,6.480000019073486
2022-10-11,36.779998779296875,28.979999542236328,3.8299999237060547,6.269999980926514
2022-10-12,36.77000045776367,28.959999084472656,3.869999885559082,6.360000133514404
2022-10-13,37.58000183105469,29.59000015258789,3.9000000953674316,6.260000228881836
2022-10-14,37.0099983215332,29.15999984741211,3.890000104904175,6.369999885559082
2022-10-17,37.619998931884766,29.6200008392334,3.9200000762939453,6.449999809265137
2022-10-18,37.97999954223633,29.90999984741211,3.859999895095825,6.329999923706055
2022-10-19,37.72999954223633,29.709999084472656,3.869999885559082,6.309999942779541
2022-10-20,37.56999969482422,29.549999237060547,3.8399999141693115,6.269999980926514
2022-10-21,38.11000061035156,29.989999771118164,3.819999933242798,6.289999961853027
2022-10-24,38.220001220703125,30.09000015258789,3.869999885559082,6.510000228881836
2022-10-25,38.599998474121094,30.3799991607666,4.019999980926514,7.199999809265137
2022-10-26,38.970001220703125,30.68000030517578,4.110000133514404,7.5
2022-10-27,39.09000015258789,30.770000457763672,4.079999923706055,7.489999771118164
2022-10-28,39.36000061035156,30.989999771118164,4.105000019073486,7.5
2022-10-31,39.290000915527344,30.920000076293945,4.059999942779541,7.550000190734863
2022-11-01,39.47999954223633,31.09000015258789,4.070000171661377,7.619999885559082
2022-11-02,39.0,30.68000030517578,4.059999942779541,7.46999979019165
2022-11-03,38.900001525878906,30.6299991607666,4.070000171661377,7.510000228881836
2022-11-04,39.279998779296875,30.959999084472656,4.150000095367432,7.849999904632568
2022-11-07,39.505001068115234,31.1299991607666,4.110000133514404,7.639999866485596
2022-11-08,39.720001220703125,31.309999465942383,3.569999933242798,6.260000228881836
2022-11-09,39.130001068115234,30.799999237060547,3.200000047683716,5.570000171661377
2022-11-10,40.40999984741211,31.84000015258789,3.5199999809265137,6.25
2022-11-11,40.650001525878906,32.02000045776367,3.2699999809265137,5.769999980926514
2022-11-14,40.290000915527344,31.75,3.1700000762939453,5.659999847412109
2022-11-15,40.439998626708984,31.8700008392334,3.259999990463257,5.809999942779541
2022-11-16,40.38999938964844,31.799999237060547,3.1700000762939453,5.730000019073486
2022-11-17,40.25,31.700000762939453,3.2200000286102295,5.670000076293945
2022-11-18,40.470001220703125,31.850000381469727,3.2699999809265137,5.71999979019165
2022-11-21,40.470001220703125,31.84000015258789,3.0899999141693115,5.190000057220459
2022-11-22,40.970001220703125,32.2400016784668,3.1700000762939453,5.25
2022-11-23,41.06999969482422,32.349998474121094,3.240000009536743,5.519999980926514
2022-11-24,41.20000076293945,32.45000076293945,3.2200000286102295,5.539999961853027
2022-11-25,41.290000915527344,32.5099983215332,3.2300000190734863,5.619999885559082
2022-11-28,41.0099983215332,32.22999954223633,3.180000066757202,5.590000152587891
2022-11-29,41.11000061035156,32.36000061035156,3.259999990463257,5.849999904632568
2022-11-30,41.45000076293945,32.619998931884766,3.359999895095825,6.179999828338623
2022-12-01,41.630001068115234,32.77000045776367,3.3399999141693115,6.0
2022-12-02,41.540000915527344,32.709999084472656,3.3499999046325684,6.119999885559082
2022-12-05,41.060001373291016,32.310001373291016,3.3499999046325684,6.010000228881836
2022-12-06,40.560001373291016,31.899999618530273,3.380000114440918,6.03000020980835
2022-12-07,40.56999969482422,31.889999389648438,3.3499999046325684,5.909999847412109
2022-12-08,40.540000915527344,31.90999984741211,3.4000000953674316,6.105000019073486
2022-12-09,40.5099983215332,31.860000610351562,3.4000000953674316,6.059999942779541
2022-12-12,40.66999816894531,31.969999313354492,3.4000000953674316,6.070000171661377
2022-12-13,40.65999984741211,31.989999771118164,3.509999990463257,6.289999961853027
2022-12-14,40.40999984741211,31.790000915527344,3.5199999809265137,6.25
2022-12-15,39.83000183105469,31.34000015258789,3.4800000190734863,6.150000095367432
2022-12-16,39.5,31.09000015258789,3.3499999046325684,5.829999923706055
2022-12-19,39.060001373291016,30.700000762939453,3.2899999618530273,5.610000133514404
2022-12-20,39.25,30.8799991607666,3.3399999141693115,5.820000171661377
2022-12-21,39.779998779296875,31.299999237060547,3.319999933242798,5.78000020980835
2022-12-22,39.310001373291016,30.940000534057617,3.309999942779541,5.809999942779541
2022-12-23,39.65999984741211,31.200000762939453,3.259999990463257,5.809999942779541
2022-12-28,39.220001220703125,30.850000381469727,3.299999952316284,5.71999979019165
2022-12-29,39.369998931884766,30.989999771118164,3.259999990463257,5.690000057220459
2022-12-30,39.119998931884766,30.809999465942383,3.240000009536743,5.710000038146973
2023-01-03,39.290000915527344,30.93000030517578,3.309999942779541,5.820000171661377
2023-01-04,39.58000183105469,31.139999389648438,3.299999952316284,5.929999828338623
2023-01-05,39.43000030517578,31.049999237060547,3.3299999237060547,6.010000228881836
2023-01-06,40.060001373291016,31.530000686645508,3.309999942779541,6.0
2023-01-09,40.13999938964844,31.579999923706055,3.359999895095825,6.21999979019165
2023-01-10,40.22999954223633,31.670000076293945,3.4200000762939453,6.360000133514404
2023-01-11,40.47999954223633,31.8799991607666,3.440000057220459,6.360000133514404
2023-01-12,40.83000183105469,32.15999984741211,3.7200000286102295,6.769999980926514
2023-01-13,41.13999938964844,32.400001525878906,3.799999952316284,6.739999771118164
2023-01-16,41.220001220703125,32.459999084472656,4.150000095367432,7.489999771118164
2023-01-17,41.349998474121094,32.529998779296875,4.170000076293945,7.449999809265137
2023-01-18,41.20000076293945,32.41999816894531,4.070000171661377,7.21999979019165
2023-01-19,41.119998931884766,32.369998931884766,4.130000114440918,7.389999866485596
2023-01-20,41.439998626708984,32.619998931884766,4.360000133514404,7.75
2023-01-23,41.709999084472656,32.84000015258789,4.5,7.71999979019165
2023-01-24,41.689998626708984,32.84000015258789,4.489999771118164,7.610000133514404
2023-01-25,41.650001525878906,32.79999923706055,4.480000019073486,7.46999979019165
2023-01-26,41.86000061035156,32.97999954223633,4.489999771118164,7.53000020980835
2023-01-27,41.91999816894531,33.0,4.480000019073486,7.5
2023-01-30,41.630001068115234,32.790000915527344,4.420000076293945,7.329999923706055
2023-01-31,42.04999923706055,33.08000183105469,4.480000019073486,7.460000038146973
2023-02-01,42.0,33.06999969482422,4.559999942779541,7.650000095367432
2023-02-02,42.0099983215332,33.060001373291016,4.639999866485596,7.880000114440918
2023-02-03,42.040000915527344,33.06999969482422,4.550000190734863,7.800000190734863
2023-02-06,41.79999923706055,32.869998931884766,4.5,7.809999942779541
2023-02-07,41.970001220703125,33.029998779296875,4.53000020980835,7.849999904632568
2023-02-08,41.880001068115234,32.959999084472656,4.46999979019165,7.789999961853027
2023-02-09,41.72999954223633,32.83000183105469,4.304999828338623,7.489999771118164
2023-02-10,41.790000915527344,32.849998474121094,4.210000038146973,7.199999809265137
2023-02-13,41.970001220703125,32.9900016784668,4.184999942779541,7.0
2023-02-14,41.9900016784668,33.02000045776367,4.304999828338623,7.329999923706055
2023-02-15,42.0,33.060001373291016,4.699999809265137,7.849999904632568
2023-02-16,41.79999923706055,32.869998931884766,4.809999942779541,7.96999979019165
2023-02-17,41.63999938964844,32.720001220703125,4.909999847412109,8.100000381469727
2023-02-21,41.099998474121094,32.29999923706055,4.820000171661377,7.940000057220459
2023-02-22,40.970001220703125,32.189998626708984,4.679999828338623,7.690000057220459
2023-02-23,40.9900016784668,32.209999084472656,4.710000038146973,7.864999771118164
2023-02-24,41.0099983215332,32.25,4.59499979019165,7.71999979019165
2023-02-27,41.130001068115234,32.33000183105469,4.610000133514404,7.739999771118164
2023-02-28,41.04999923706055,32.27000045776367,4.619999885559082,7.820000171661377
2023-03-01,41.130001068115234,32.349998474121094,4.630000114440918,7.840000152587891
2023-03-02,41.310001373291016,32.4900016784668,4.630000114440918,7.880000114440918
2023-03-03,41.790000915527344,32.869998931884766,4.409999847412109,7.46999979019165
2023-03-06,41.689998626708984,32.77000045776367,4.414999961853027,7.480000019073486
2023-03-07,41.209999084472656,32.380001068115234,4.400000095367432,7.489999771118164
2023-03-08,41.36000061035156,32.4900016784668,4.420000076293945,7.559999942779541
2023-03-09,40.84000015258789,32.11000061035156,4.039999961853027,6.849999904632568
2023-03-10,40.209999084472656,31.610000610351562,4.0,6.889999866485596
2023-03-13,39.83000183105469,31.309999465942383,4.869999885559082,8.100000381469727
2023-03-14,40.02000045776367,31.5,5.010000228881836,8.279999732971191
2023-03-15,39.439998626708984,30.989999771118164,4.889999866485596,7.989999771118164
2023-03-16,39.79999923706055,31.270000457763672,4.980000019073486,8.100000381469727
2023-03-17,39.45000076293945,31.020000457763672,5.380000114440918,8.395000457763672
2023-03-20,39.75,31.239999771118164,5.53000020980835,8.430000305175781
2023-03-21,40.0099983215332,31.459999084472656,5.630000114440918,8.59000015258789
2023-03-22,39.790000915527344,31.010000228881836,5.329999923706055,8.319999694824219
2023-03-23,39.625,30.8700008392334,5.670000076293945,8.789999961853027
2023-03-24,39.720001220703125,30.950000762939453,5.559999942779541,8.520000457763672
2023-03-27,39.959999084472656,31.149999618530273,5.355000019073486,8.170000076293945
2023-03-28,40.02000045776367,31.219999313354492,5.409999847412109,8.520000457763672
2023-03-29,40.400001525878906,31.5,5.605000019073486,8.630000114440918
2023-03-30,40.650001525878906,31.68000030517578,5.5,8.489999771118164
2023-03-31,40.63999938964844,31.93000030517578,5.599999904632568,8.699999809265137
2023-04-03,41.060001373291016,32.2400016784668,5.46999979019165,8.569999694824219
2023-04-04,41.040000915527344,32.2400016784668,5.5,8.819999694824219
2023-04-05,40.849998474121094,32.060001373291016,5.519999980926514,9.029999732971191
2023-04-06,40.91999816894531,32.130001068115234,5.489999771118164,8.859999656677246
2023-04-10,41.04999923706055,32.2599983215332,5.75,8.960000038146973
2023-04-11,41.36000061035156,32.4900016784668,5.909999847412109,8.960000038146973
2023-04-12,41.43000030517578,32.529998779296875,5.829999923706055,8.989999771118164
2023-04-13,41.630001068115234,32.720001220703125,5.909999847412109,9.4399995803833
2023-04-14,41.68000030517578,32.7400016784668,5.880000114440918,9.819999694824219
2023-04-17,41.810001373291016,32.83000183105469,5.739999771118164,9.770000457763672
2023-04-18,41.88999938964844,32.90999984741211,5.880000114440918,9.789999961853027
2023-04-19,41.880001068115234,32.88999938964844,5.710000038146973,9.359999656677246
2023-04-20,41.779998779296875,32.810001373291016,5.5,9.119999885559082
2023-04-21,41.91999816894531,32.93000030517578,5.360000133514404,8.75
2023-04-24,41.91999816894531,32.93000030517578,5.389999866485596,8.720000267028809
2023-04-25,41.41999816894531,32.540000915527344,5.460000038146973,8.789999961853027
2023-04-26,41.279998779296875,32.43000030517578,5.510000228881836,8.770000457763672
2023-04-27,41.630001068115234,32.70000076293945,5.849999904632568,9.170000076293945
2023-04-28,41.849998474121094,32.86000061035156,5.760000228881836,9.010000228881836
2023-05-01,41.810001373291016,32.84000015258789,5.460000038146973,8.609999656677246
2023-05-02,41.400001525878906,32.4900016784668,5.659999847412109,8.9399995803833
2023-05-03,41.27000045776367,32.40999984741211,5.590000152587891,8.920000076293945
2023-05-04,41.040000915527344,32.2400016784668,5.679999828338623,8.90999984741211
2023-05-05,41.65999984741211,32.720001220703125,5.75,9.359999656677246
2023-05-08,41.75,32.77000045776367,5.309999942779541,8.609999656677246
2023-05-09,41.72999954223633,32.779998779296875,5.369999885559082,8.6899995803833
2023-05-10,41.59000015258789,32.66999816894531,5.364999771118164,8.6899995803833
2023-05-11,41.43000030517578,32.529998779296875,5.25,8.449999809265137
2023-05-12,41.459999084472656,32.540000915527344,5.210000038146973,8.520000457763672
2023-05-15,41.689998626708984,32.72999954223633,5.340000152587891,8.640000343322754
2023-05-16,41.09000015258789,32.2599983215332,5.28000020980835,8.609999656677246
2023-05-17,41.189998626708984,32.36000061035156,5.340000152587891,8.619999885559082
2023-05-18,41.189998626708984,32.369998931884766,5.25,8.5
2023-05-19,41.33000183105469,32.459999084472656,5.25,8.59000015258789
2023-05-23,40.869998931884766,32.13999938964844,5.320000171661377,8.770000457763672
2023-05-24,40.439998626708984,31.790000915527344,5.179999828338623,8.529999732971191
2023-05-25,40.150001525878906,31.549999237060547,5.230000019073486,8.630000114440918
2023-05-26,40.45000076293945,31.780000686645508,5.28000020980835,8.75
2023-05-29,40.56999969482422,31.860000610351562,5.429999828338623,8.989999771118164
2023-05-30,40.11000061035156,31.510000228881836,5.480000019073486,9.079999923706055
2023-05-31,39.7599983215332,31.25,5.320000171661377,8.880000114440918
2023-06-01,39.97999954223633,31.399999618530273,5.239999771118164,8.819999694824219
2023-06-02,40.709999084472656,31.979999542236328,5.309999942779541,8.989999771118164
2023-06-05,40.52000045776367,31.84000015258789,5.0,8.520000457763672
2023-06-06,40.77000045776367,32.029998779296875,5.264999866485596,8.890000343322754
2023-06-07,40.63999938964844,31.899999618530273,5.139999866485596,8.6899995803833
2023-06-08,40.560001373291016,31.850000381469727,5.130000114440918,8.65999984741211
2023-06-09,40.459999084472656,31.790000915527344,5.110000133514404,8.579999923706055
2023-06-12,40.540000915527344,31.84000015258789,5.010000228881836,8.09000015258789
2023-06-13,40.68000030517578,31.940000534057617,5.0,8.100000381469727
2023-06-14,40.72999954223633,32.0099983215332,4.989999771118164,8.0600004196167
2023-06-15,40.810001373291016,32.040000915527344,4.880000114440918,7.730000019073486
2023-06-16,40.70000076293945,31.959999084472656,5.03000020980835,7.949999809265137
2023-06-19,40.63999938964844,31.90999984741211,5.099999904632568,7.96999979019165
2023-06-20,40.27000045776367,31.610000610351562,5.409999847412109,8.239999771118164
2023-06-21,40.15999984741211,31.520000457763672,5.75,8.670000076293945
2023-06-22,39.90999984741211,31.34000015258789,5.769999980926514,8.699999809265137
2023-06-23,39.58000183105469,31.079999923706055,5.909999847412109,8.789999961853027
2023-06-26,39.91999816894531,31.06999969482422,5.78000020980835,8.5600004196167
2023-06-27,40.25,31.31999969482422,5.869999885559082,8.739999771118164
2023-06-28,40.40999984741211,31.440000534057617,5.789999961853027,8.520000457763672
2023-06-29,40.650001525878906,31.639999389648438,5.889999866485596,8.619999885559082
2023-06-30,40.84000015258789,32.0099983215332,5.829999923706055,8.90999984741211
2023-07-04,40.959999084472656,32.09000015258789,5.889999866485596,8.960000038146973
2023-07-05,40.720001220703125,31.950000762939453,5.849999904632568,8.869999885559082
2023-07-06,40.15999984741211,31.489999771118164,5.889999866485596,8.800000190734863
2023-07-07,40.209999084472656,31.520000457763672,5.800000190734863,8.680000305175781
2023-07-10,40.16999816894531,31.520000457763672,5.920000076293945,8.8100004196167
2023-07-11,40.29999923706055,31.6200008392334,5.860000133514404,8.6899995803833
2023-07-12,40.689998626708984,31.90999984741211,5.78000020980835,8.649999618530273
2023-07-13,41.11000061035156,32.25,6.019999980926514,9.109999656677246
2023-07-14,41.08000183105469,32.209999084472656,5.75,8.850000381469727
2023-07-17,41.040000915527344,32.16999816894531,5.710000038146973,8.720000267028809
2023-07-18,41.310001373291016,32.38999938964844,5.659999847412109,8.720000267028809
2023-07-19,41.560001373291016,32.58000183105469,5.710000038146973,8.800000190734863
2023-07-20,41.474998474121094,32.4900016784668,5.670000076293945,8.699999809265137
2023-07-21,41.689998626708984,32.66999816894531,5.710000038146973,8.75
2023-07-24,41.779998779296875,32.72999954223633,5.539999961853027,8.510000228881836
2023-07-25,41.7400016784668,32.70000076293945,5.550000190734863,8.550000190734863
2023-07-26,41.75,32.720001220703125,5.599999904632568,8.609999656677246
2023-07-27,41.43000030517578,32.45000076293945,5.579999923706055,8.619999885559082
2023-07-28,41.709999084472656,32.66999816894531,5.599999904632568,8.649999618530273
2023-07-31,41.849998474121094,32.81999969482422,5.559999942779541,8.600000381469727
2023-08-01,41.720001220703125,32.70000076293945,5.610000133514404,8.59000015258789
2023-08-02,41.099998474121094,32.189998626708984,5.619999885559082,8.579999923706055
2023-08-03,40.90999984741211,32.040000915527344,5.639999866485596,8.619999885559082
2023-08-04,41.119998931884766,32.209999084472656,5.610000133514404,8.569999694824219
2023-08-08,41.04999923706055,32.18000030517578,5.78000020980835,8.640000343322754
2023-08-09,41.20500183105469,32.290000915527344,5.710000038146973,8.65999984741211
2023-08-10,41.34000015258789,32.38999938964844,5.71999979019165,8.670000076293945
2023-08-11,41.45000076293945,32.4900016784668,5.710000038146973,8.649999618530273
2023-08-14,41.22999954223633,32.31999969482422,5.710000038146973,8.670000076293945
2023-08-15,40.47999954223633,31.700000762939453,5.690000057220459,8.619999885559082
2023-08-16,40.459999084472656,31.709999084472656,5.679999828338623,8.600000381469727
2023-08-17,40.29999923706055,31.579999923706055,5.460000038146973,8.270000457763672
2023-08-18,40.310001373291016,31.579999923706055,5.090000152587891,7.849999904632568
2023-08-21,40.25,31.549999237060547,5.099999904632568,7.909999847412109
2023-08-22,40.06999969482422,31.399999618530273,5.045000076293945,7.699999809265137
2023-08-23,40.459999084472656,31.690000534057617,5.210000038146973,7.960000038146973
2023-08-24,40.25,31.559999465942383,5.090000152587891,7.840000152587891
2023-08-25,40.369998931884766,31.6299991607666,5.099999904632568,7.800000190734863
2023-08-28,40.7400016784668,31.93000030517578,5.099999904632568,7.829999923706055
2023-08-29,41.290000915527344,32.36000061035156,5.440000057220459,8.199999809265137
2023-08-30,41.380001068115234,32.439998626708984,5.300000190734863,8.050000190734863
2023-08-31,41.33000183105469,32.400001525878906,5.110000133514404,7.829999923706055
2023-09-01,41.849998474121094,32.79999923706055,5.039999961853027,7.699999809265137
2023-09-05,41.599998474121094,32.59000015258789,5.059999942779541,7.769999980926514
2023-09-06,41.209999084472656,32.27000045776367,5.039999961853027,7.760000228881836
2023-09-07,41.040000915527344,32.15999984741211,5.099999904632568,7.820000171661377
2023-09-08,40.90999984741211,32.060001373291016,5.090000152587891,7.789999961853027
2023-09-11,41.15999984741211,32.22999954223633,4.909999847412109,7.289999961853027
2023-09-12,41.22999954223633,32.279998779296875,5.090000152587891,7.559999942779541
2023-09-13,41.34000015258789,32.38999938964844,5.110000133514404,7.559999942779541
2023-09-14,41.97999954223633,32.88999938964844,5.190000057220459,7.699999809265137
2023-09-15,42.04999923706055,32.90999984741211,5.150000095367432,7.639999866485596
2023-09-18,41.81999969482422,32.77000045776367,5.21999979019165,7.715000152587891
2023-09-19,41.290000915527344,32.34000015258789,5.269999980926514,7.699999809265137
2023-09-20,41.27000045776367,32.31999969482422,5.25,7.599999904632568
2023-09-21,40.43000030517578,31.65999984741211,5.170000076293945,7.46999979019165
2023-09-22,40.38999938964844,31.639999389648438,5.170000076293945,7.46999979019165
2023-09-25,40.40999984741211,31.40999984741211,5.130000114440918,7.480000019073486
2023-09-26,39.95000076293945,31.020000457763672,5.130000114440918,7.489999771118164
2023-09-27,39.709999084472656,30.81999969482422,5.119999885559082,7.519999980926514
2023-09-28,39.75,31.09000015258789,5.289999961853027,7.784999847412109
2023-09-29,39.68000030517578,31.040000915527344,5.269999980926514,7.880000114440918
2023-10-02,38.959999084472656,30.479999542236328,5.579999923706055,7.539999961853027
2023-10-03,38.630001068115234,30.219999313354492,5.420000076293945,7.869999885559082
2023-10-04,38.65999984741211,30.229999542236328,5.489999771118164,7.869999885559082
2023-10-05,38.900001525878906,30.43000030517578,5.449999809265137,7.739999771118164
2023-10-06,39.119998931884766,30.600000381469727,5.53000020980835,7.860000133514404
2023-10-10,39.63999938964844,30.989999771118164,5.360000133514404,7.420000076293945
2023-10-11,39.97999954223633,31.25,5.239999771118164,7.380000114440918
2023-10-12,39.65999984741211,31.0,5.28000020980835,7.309999942779541
2023-10-13,39.59000015258789,30.940000534057617,5.269999980926514,7.349999904632568
2023-10-16,39.91999816894531,31.190000534057617,5.579999923706055,7.545000076293945
2023-10-17,40.040000915527344,31.309999465942383,5.59499979019165,7.449999809265137
2023-10-18,39.56999969482422,30.93000030517578,5.579999923706055,7.46999979019165
2023-10-19,39.349998474121094,30.760000228881836,5.690000057220459,7.480000019073486
2023-10-20,38.88999938964844,30.399999618530273,5.849999904632568,7.679999828338623
2023-10-23,38.75,30.290000915527344,6.190000057220459,8.149999618530273
2023-10-24,38.61000061035156,30.200000762939453,6.670000076293945,8.5
2023-10-25,38.560001373291016,30.139999389648438,6.920000076293945,8.59000015258789
2023-10-26,38.41999816894531,30.030000686645508,6.789999961853027,8.630000114440918
2023-10-27,38.150001525878906,29.829999923706055,6.75,8.569999694824219
2023-10-30,38.400001525878906,30.030000686645508,6.860000133514404,8.699999809265137
2023-10-31,38.45000076293945,30.049999237060547,6.889999866485596,8.770000457763672
2023-11-01,38.849998474121094,30.3700008392334,6.920000076293945,8.859999656677246
2023-11-02,39.93000030517578,31.25,6.929999828338623,8.680000305175781
2023-11-03,40.34000015258789,31.56999969482422,6.820000171661377,8.670000076293945
2023-11-06,40.18000030517578,31.440000534057617,6.920000076293945,9.050000190734863
2023-11-07,39.869998931884766,31.170000076293945,7.079999923706055,9.149999618530273
2023-11-08,39.77000045776367,31.079999923706055,7.079999923706055,9.119999885559082
2023-11-09,39.88999938964844,31.190000534057617,7.260000228881836,9.789999961853027
2023-11-10,40.02000045776367,31.290000915527344,7.420000076293945,9.970000267028809
2023-11-13,40.119998931884766,31.389999389648438,7.269999980926514,10.020000457763672
2023-11-14,40.779998779296875,31.899999618530273,6.940000057220459,9.430000305175781
2023-11-15,40.83000183105469,31.940000534057617,7.420000076293945,9.760000228881836
2023-11-16,40.86000061035156,31.959999084472656,7.139999866485596,9.369999885559082
2023-11-17,41.11000061035156,32.13999938964844,7.239999771118164,9.350000381469727
2023-11-20,41.2599983215332,32.25,7.429999828338623,9.75
2023-11-21,40.9900016784668,32.060001373291016,7.349999904632568,9.510000228881836
2023-11-22,41.0,32.060001373291016,7.489999771118164,10.010000228881836
2023-11-23,41.0099983215332,32.08000183105469,7.380000114440918,9.869999885559082
2023-11-24,40.970001220703125,32.040000915527344,7.460000038146973,9.9399995803833
2023-11-27,40.81999969482422,31.940000534057617,7.21999979019165,9.449999809265137
2023-11-28,40.84000015258789,31.950000762939453,7.460000038146973,9.770000457763672
2023-11-29,41.029998779296875,32.09000015258789,7.349999904632568,9.579999923706055
2023-11-30,41.29999923706055,32.29999923706055,7.329999923706055,9.630000114440918
2023-12-01,41.72999954223633,32.630001068115234,7.519999980926514,9.800000190734863
2023-12-04,41.63999938964844,32.56999969482422,8.130000114440918,10.5
2023-12-05,41.59000015258789,32.52000045776367,8.579999923706055,10.71500015258789
2023-12-06,41.380001068115234,32.36000061035156,8.569999694824219,10.680000305175781
2023-12-07,41.380001068115234,32.380001068115234,8.470000267028809,11.119999885559082
2023-12-08,41.5,32.470001220703125,8.680000305175781,11.199999809265137
2023-12-11,41.4900016784668,32.45000076293945,7.940000057220459,10.359999656677246
2023-12-12,41.33000183105469,32.31999969482422,8.050000190734863,10.319999694824219
2023-12-13,42.099998474121094,32.95000076293945,8.329999923706055,10.630000114440918
2023-12-14,42.43000030517578,33.220001220703125,8.289999961853027,10.670000076293945
2023-12-15,41.91999816894531,32.810001373291016,8.130000114440918,10.489999771118164
2023-12-18,42.13999938964844,32.970001220703125,8.0649995803833,10.15999984741211
2023-12-19,42.58000183105469,33.310001373291016,8.079999923706055,10.039999961853027
2023-12-20,42.06999969482422,32.93000030517578,8.350000381469727,10.15999984741211
2023-12-21,42.40999984741211,33.20000076293945,8.359999656677246,10.329999923706055
2023-12-22,42.650001525878906,33.369998931884766,8.34000015258789,10.670000076293945
2023-12-27,42.939998626708984,33.599998474121094,8.270000457763672,10.800000190734863
2023-12-28,42.5,33.31999969482422,8.09000015258789,10.850000381469727
2023-12-29,42.56999969482422,33.369998931884766,8.039999961853027,10.65999984741211
2024-01-02,42.41999816894531,33.2400016784668,8.579999923706055,11.109999656677246
2024-01-03,42.31999969482422,33.15999984741211,8.199999809265137,10.300000190734863
2024-01-04,42.41999816894531,33.2400016784668,8.470000267028809,10.550000190734863
2024-01-05,42.560001373291016,33.33000183105469,8.4399995803833,10.449999809265137
2024-01-08,42.849998474121094,33.54999923706055,8.979999542236328,10.880000114440918
2024-01-09,42.650001525878906,33.43000030517578,9.020000457763672,10.470000267028809
2024-01-10,42.68000030517578,33.43000030517578,8.75,11.5600004196167
2024-01-11,42.540000915527344,33.33000183105469,8.880000114440918,12.050000190734863
2024-01-12,42.65999984741211,33.43000030517578,8.34000015258789,11.960000038146973
2024-01-15,42.810001373291016,33.56999969482422,8.25,11.770000457763672
2024-01-16,42.560001373291016,33.36000061035156,8.3100004196167,12.130000114440918
2024-01-17,42.06999969482422,32.97999954223633,8.25,11.90999984741211
2024-01-18,42.20000076293945,33.06999969482422,7.840000152587891,11.430000305175781
2024-01-19,42.5099983215332,33.310001373291016,8.0,11.550000190734863
2024-01-22,42.54999923706055,33.349998474121094,7.730000019073486,10.920000076293945
2024-01-23,42.7599983215332,33.52000045776367,7.550000190734863,10.25
2024-01-24,42.75,33.529998779296875,7.670000076293945,10.319999694824219
2024-01-25,42.90999984741211,33.65999984741211,7.679999828338623,10.359999656677246
2024-01-26,42.970001220703125,33.68000030517578,8.100000381469727,10.550000190734863
2024-01-29,43.15999984741211,33.810001373291016,8.300000190734863,10.720000267028809
2024-01-30,43.209999084472656,33.849998474121094,8.359999656677246,11.0600004196167
2024-01-31,42.790000915527344,33.560001373291016,8.180000305175781,10.680000305175781
2024-02-01,42.97999954223633,33.689998626708984,8.25,10.670000076293945
2024-02-02,42.95000076293945,33.63999938964844,8.260000228881836,10.729999542236328
2024-02-05,42.5,33.29999923706055,8.220000267028809,10.729999542236328
2024-02-06,42.689998626708984,33.439998626708984,8.329999923706055,11.119999885559082
2024-02-07,42.709999084472656,33.459999084472656,8.510000228881836,11.380000114440918
2024-02-08,42.630001068115234,33.369998931884766,8.779999732971191,11.319999694824219
2024-02-09,42.790000915527344,33.52000045776367,9.170000076293945,11.640000343322754
2024-02-12,42.91999816894531,33.61000061035156,9.680000305175781,12.329999923706055
2024-02-13,41.94499969482422,32.849998474121094,9.59000015258789,12.25
2024-02-14,42.540000915527344,33.34000015258789,10.069999694824219,12.979999542236328
2024-02-15,43.290000915527344,33.880001068115234,9.989999771118164,13.210000038146973
2024-02-16,43.400001525878906,33.91999816894531,10.029999732971191,13.010000228881836
2024-02-20,43.290000915527344,33.88999938964844,10.069999694824219,13.979999542236328
2024-02-21,43.16999816894531,33.81999969482422,9.859999656677246,13.619999885559082
2024-02-22,43.470001220703125,34.040000915527344,10.050000190734863,14.09000015258789
2024-02-23,43.70000076293945,34.20000076293945,9.920000076293945,13.829999923706055
2024-02-26,43.529998779296875,34.060001373291016,10.529999732971191,14.90999984741211
2024-02-27,43.529998779296875,34.060001373291016,11.079999923706055,15.210000038146973
2024-02-28,43.400001525878906,33.95000076293945,11.6899995803833,15.489999771118164
2024-02-29,43.650001525878906,34.13999938964844,12.050000190734863,16.010000228881836
2024-03-01,44.029998779296875,34.470001220703125,12.289999961853027,16.209999084472656
2024-03-04,43.970001220703125,34.41999816894531,13.100000381469727,16.809999465942383
2024-03-05,43.9900016784668,34.40999984741211,12.0600004196167,15.979999542236328
2024-03-06,44.119998931884766,34.540000915527344,12.960000038146973,18.149999618530273
2024-03-07,44.52000045776367,34.849998474121094,13.0600004196167,18.3700008392334
2024-03-08,44.40999984741211,34.7599983215332,13.449999809265137,18.579999923706055
2024-03-11,44.4900016784668,34.810001373291016,13.869999885559082,18.860000610351562
2024-03-12,44.63999938964844,34.93000030517578,13.789999961853027,18.610000610351562
2024-03-13,44.93000030517578,35.15999984741211,14.1899995803833,18.709999084472656
2024-03-14,44.66999816894531,34.970001220703125,13.430000305175781,17.700000762939453
2024-03-15,44.380001068115234,35.0,13.40999984741211,17.329999923706055
2024-03-18,44.36000061035156,34.97999954223633,12.960000038146973,16.31999969482422
2024-03-19,44.43000030517578,35.02000045776367,12.489999771118164,15.680000305175781
2024-03-20,44.77000045776367,35.31999969482422,12.710000038146973,15.779999732971191
2024-03-21,44.900001525878906,35.380001068115234,12.640000343322754,16.139999389648438
2024-03-22,44.70000076293945,34.959999084472656,12.40999984741211,15.779999732971191
2024-03-25,44.619998931884766,34.90999984741211,13.819999694824219,17.1200008392334
2024-03-26,44.54999923706055,34.86000061035156,13.489999771118164,16.75
2024-03-27,44.9900016784668,35.209999084472656,13.34000015258789,16.40999984741211
2024-03-28,45.11000061035156,35.310001373291016,13.770000457763672,16.899999618530273
2024-04-01,45.13999938964844,35.349998474121094,13.5600004196167,16.399999618530273
2024-04-02,44.939998626708984,35.16999816894531,12.800000190734863,15.414999961853027
2024-04-03,45.0,35.22999954223633,12.75,15.545000076293945
2024-04-04,44.88999938964844,35.13999938964844,13.25,15.779999732971191
2024-04-05,45.310001373291016,35.47999954223633,13.09000015258789,15.609999656677246
2024-04-08,45.31999969482422,35.4900016784668,13.920000076293945,17.399999618530273
2024-04-09,45.52000045776367,35.650001525878906,13.40999984741211,16.540000915527344
2024-04-10,45.209999084472656,35.400001525878906,13.699999809265137,16.649999618530273
2024-04-11,45.02000045776367,35.25,13.789999961853027,16.670000076293945
2024-04-12,44.599998474121094,34.900001525878906,13.180000305175781,15.300000190734863
2024-04-15,44.310001373291016,34.650001525878906,12.489999771118164,14.789999961853027
2024-04-16,44.13999938964844,34.4900016784668,12.390000343322754,14.619999885559082
2024-04-17,44.150001525878906,34.52000045776367,11.989999771118164,14.3100004196167
2024-04-18,44.20000076293945,34.59000015258789,12.5,14.579999923706055
2024-04-19,44.40999984741211,34.77000045776367,12.670000076293945,14.819999694824219
2024-04-22,44.560001373291016,34.869998931884766,13.039999961853027,15.109999656677246
2024-04-23,44.810001373291016,35.099998474121094,12.989999771118164,15.220000267028809
2024-04-24,44.58000183105469,34.900001525878906,12.520000457763672,14.859999656677246
2024-04-25,44.61000061035156,34.90999984741211,12.609999656677246,14.9399995803833
2024-04-26,44.790000915527344,35.06999969482422,12.449999809265137,14.850000381469727
2024-04-29,44.86000061035156,35.09000015258789,12.289999961853027,15.050000190734863
2024-04-30,44.290000915527344,34.68000030517578,11.609999656677246,13.90999984741211
2024-05-01,44.29999923706055,34.68000030517578,11.180000305175781,13.930000305175781
2024-05-02,44.4900016784668,34.83000183105469,11.600000381469727,14.170000076293945
2024-05-03,44.7400016784668,35.040000915527344,12.130000114440918,14.550000190734863
2024-05-06,45.349998474121094,35.529998779296875,12.329999923706055,14.479999542236328
2024-05-07,45.43000030517578,35.58000183105469,12.350000381469727,14.4399995803833
2024-05-08,45.36000061035156,35.52000045776367,12.199999809265137,14.229999542236328
2024-05-09,45.619998931884766,35.720001220703125,12.180000305175781,14.350000381469727
2024-05-10,45.5099983215332,35.599998474121094,11.84000015258789,13.699999809265137
2024-05-13,45.400001525878906,35.52000045776367,12.329999923706055,13.979999542236328
2024-05-14,45.380001068115234,35.540000915527344,12.010000228881836,13.649999618530273
2024-05-15,45.459999084472656,35.61000061035156,12.869999885559082,14.210000038146973
2024-05-16,45.5,35.63999938964844,12.680000305175781,13.869999885559082
2024-05-17,45.810001373291016,35.88999938964844,13.050000190734863,14.579999923706055
2024-05-21,45.86000061035156,35.90999984741211,13.489999771118164,17.479999542236328
2024-05-22,45.63999938964844,35.709999084472656,13.59000015258789,17.690000534057617
2024-05-23,45.31999969482422,35.47999954223633,13.15999984741211,17.969999313354492
2024-05-24,45.58000183105469,35.650001525878906,13.510000228881836,17.75
2024-05-27,45.689998626708984,35.7599983215332,13.470000267028809,18.219999313354492
2024-05-28,45.45000076293945,35.58000183105469,13.34000015258789,18.100000381469727
2024-05-29,44.689998626708984,35.0099983215332,13.180000305175781,17.760000228881836
2024-05-30,45.040000915527344,35.279998779296875,13.399999618530273,17.780000686645508
2024-05-31,45.43000030517578,35.619998931884766,13.140000343322754,17.799999237060547
2024-06-03,45.150001525878906,35.36000061035156,13.470000267028809,17.760000228881836
2024-06-04,44.90999984741211,35.15999984741211,13.760000228881836,17.969999313354492
2024-06-05,45.2400016784668,35.43000030517578,13.9399995803833,18.34000015258789
2024-06-06,45.369998931884766,35.54999923706055,13.739999771118164,17.90999984741211
2024-06-07,44.97999954223633,35.220001220703125,13.619999885559082,17.549999237060547
2024-06-10,45.11000061035156,35.310001373291016,13.640000343322754,17.420000076293945
2024-06-11,44.75,35.040000915527344,13.229999542236328,16.639999389648438
2024-06-12,44.90999984741211,35.15999984741211,13.239999771118164,16.700000762939453
2024-06-13,44.380001068115234,34.7400016784668,13.0600004196167,16.520000457763672
2024-06-14,44.290000915527344,34.650001525878906,12.829999923706055,16.1299991607666
2024-06-17,44.20000076293945,34.599998474121094,13.029999732971191,16.799999237060547
2024-06-18,44.25,34.63999938964844,12.600000381469727,16.219999313354492
2024-06-19,44.06999969482422,34.4900016784668,12.680000305175781,16.780000686645508
2024-06-20,44.18000030517578,34.56999969482422,12.680000305175781,16.700000762939453
2024-06-21,43.79999923706055,34.540000915527344,12.569999694824219,16.729999542236328
2024-06-24,44.36000061035156,35.0,11.5,15.449999809265137
2024-06-25,44.2599983215332,34.66999816894531,12.050000190734863,16.075000762939453
2024-06-26,44.279998779296875,34.66999816894531,11.899999618530273,16.09000015258789
2024-06-27,44.56999969482422,34.900001525878906,11.979999542236328,16.290000915527344
2024-06-28,44.4900016784668,34.849998474121094,11.729999542236328,15.9399995803833
2024-07-02,44.650001525878906,34.970001220703125,12.0600004196167,16.100000381469727
2024-07-03,45.20000076293945,35.41999816894531,11.600000381469727,15.359999656677246
2024-07-04,45.2599983215332,35.459999084472656,11.359999656677246,14.729999542236328
2024-07-05,44.90999984741211,35.15999984741211,10.960000038146973,14.079999923706055
2024-07-08,45.0099983215332,35.25,10.979999542236328,14.15999984741211
2024-07-09,44.849998474121094,35.11000061035156,11.25,14.449999809265137
2024-07-10,45.5,35.630001068115234,11.149999618530273,14.59000015258789
2024-07-11,45.869998931884766,35.939998626708984,11.15999984741211,14.600000381469727
2024-07-12,46.150001525878906,36.13999938964844,11.199999809265137,14.670000076293945
2024-07-15,46.31999969482422,36.2599983215332,12.359999656677246,16.049999237060547
2024-07-16,46.79999923706055,36.66999816894531,12.699999809265137,16.3799991607666
2024-07-17,46.52000045776367,36.43000030517578,12.595000267028809,16.1299991607666
2024-07-18,46.279998779296875,36.22999954223633,12.420000076293945,16.059999465942383
2024-07-19,46.20000076293945,36.18000030517578,13.170000076293945,16.670000076293945
2024-07-22,46.56999969482422,36.459999084472656,13.380000114440918,16.56999969482422
2024-07-23,46.45000076293945,36.380001068115234,12.859999656677246,16.420000076293945
2024-07-24,46.099998474121094,36.08000183105469,12.920000076293945,16.0
2024-07-25,46.06999969482422,36.060001373291016,12.720000267028809,14.890000343322754
2024-07-26,46.439998626708984,36.380001068115234,13.420000076293945,15.600000381469727
2024-07-29,46.45000076293945,36.33000183105469,13.270000457763672,15.805000305175781
2024-07-30,46.52000045776367,36.43000030517578,12.989999771118164,15.619999885559082
2024-07-31,47.060001373291016,36.869998931884766,12.84000015258789,15.550000190734863
2024-08-01,46.290000915527344,36.279998779296875,12.529999732971191,14.989999771118164
2024-08-02,45.244998931884766,35.470001220703125,12.369999885559082,14.40999984741211
2024-08-06,44.79999923706055,35.060001373291016,11.149999618530273,11.84000015258789
2024-08-07,44.59000015258789,34.90999984741211,10.720000267028809,11.149999618530273
2024-08-08,45.290000915527344,35.470001220703125,11.619999885559082,12.1899995803833
2024-08-09,45.4900016784668,35.61000061035156,11.880000114440918,12.270000457763672
2024-08-12,45.650001525878906,35.7400016784668,11.550000190734863,12.569999694824219
2024-08-13,46.099998474121094,36.11000061035156,11.890000343322754,12.800000190734863
2024-08-14,46.380001068115234,36.31999969482422,11.529999732971191,12.600000381469727
2024-08-15,46.939998626708984,36.77000045776367,11.170000076293945,12.0600004196167
2024-08-16,47.029998779296875,36.81999969482422,11.619999885559082,12.420000076293945
2024-08-19,47.13999938964844,36.91999816894531,11.470000267028809,12.239999771118164
2024-08-20,47.0099983215332,36.810001373291016,11.539999961853027,12.210000038146973
2024-08-21,47.15999984741211,36.91999816894531,11.920000076293945,12.399999618530273
2024-08-22,47.02000045776367,36.790000915527344,11.670000076293945,12.225000381469727
2024-08-23,47.52000045776367,37.220001220703125,12.229999542236328,12.850000381469727
2024-08-26,47.6349983215332,37.29999923706055,12.149999618530273,12.4350004196167
2024-08-27,47.470001220703125,37.15999984741211,11.890000343322754,12.020000457763672
2024-08-28,47.220001220703125,36.959999084472656,11.3100004196167,11.630000114440918
2024-08-29,47.41999816894531,37.130001068115234,11.369999885559082,11.739999771118164
2024-08-30,47.70000076293945,37.29999923706055,11.260000228881836,11.619999885559082
2024-09-03,47.08000183105469,36.849998474121094,11.180000305175781,11.399999618530273
2024-09-04,47.11000061035156,36.849998474121094,11.15999984741211,11.40999984741211
2024-09-05,47.0,36.7400016784668,10.760000228881836,10.979999542236328
2024-09-06,46.58000183105469,36.41999816894531,10.3100004196167,10.350000381469727
2024-09-09,47.09000015258789,36.81999969482422,11.010000228881836,10.960000038146973
2024-09-10,47.04499816894531,36.810001373291016,11.234999656677246,11.15999984741211
2024-09-11,47.45000076293945,37.119998931884766,11.130000114440918,10.90999984741211
2024-09-12,48.0,37.54999923706055,11.270000457763672,11.029999732971191
2024-09-13,48.209999084472656,37.75,11.539999961853027,11.289999961853027
2024-09-16,48.54499816894531,37.970001220703125,11.199999809265137,10.619999885559082
2024-09-17,48.459999084472656,37.93000030517578,11.600000381469727,11.010000228881836
2024-09-18,48.31999969482422,37.79999923706055,11.630000114440918,10.829999923706055
2024-09-19,48.86000061035156,38.209999084472656,12.1899995803833,11.479999542236328
2024-09-20,48.56999969482422,38.220001220703125,12.130000114440918,11.970000267028809
2024-09-23,48.619998931884766,38.27000045776367,12.170000076293945,12.399999618530273
2024-09-24,48.720001220703125,38.099998474121094,12.3100004196167,12.260000228881836
2024-09-25,48.619998931884766,38.02000045776367,12.109999656677246,11.920000076293945
2024-09-26,48.880001068115234,38.22999954223633,12.399999618530273,12.270000457763672
2024-09-27,48.79999923706055,38.15999984741211,12.635000228881836,12.630000114440918
2024-09-30,48.869998931884766,38.189998626708984,12.1899995803833,12.050000190734863
2024-10-01,48.91999816894531,38.25,11.829999923706055,11.529999732971191
2024-10-02,48.91999816894531,38.220001220703125,11.550000190734863,11.050000190734863
2024-10-03,48.81999969482422,38.18000030517578,11.75,10.979999542236328
2024-10-04,49.23500061035156,38.4900016784668,12.045000076293945,11.399999618530273
2024-10-07,49.13999938964844,38.38999938964844,12.260000228881836,11.460000038146973
2024-10-08,49.09000015258789,38.34000015258789,12.069999694824219,11.460000038146973
2024-10-09,49.380001068115234,38.59000015258789,11.890000343322754,11.40999984741211
2024-10-10,49.54999923706055,38.720001220703125,11.649999618530273,11.199999809265137
2024-10-11,49.88999938964844,39.0,12.329999923706055,11.670000076293945
2024-10-15,49.810001373291016,38.95000076293945,13.119999885559082,12.289999961853027
2024-10-16,50.04999923706055,39.13999938964844,13.220000267028809,12.350000381469727
2024-10-17,50.33000183105469,39.34000015258789,13.100000381469727,12.3100004196167
2024-10-18,50.599998474121094,39.560001373291016,13.479999542236328,12.600000381469727
2024-10-21,50.41999816894531,39.400001525878906,13.300000190734863,12.75
2024-10-22,50.38999938964844,39.380001068115234,13.25,12.470000267028809
2024-10-23,50.11000061035156,39.150001525878906,13.039999961853027,11.930000305175781
2024-10-24,50.09000015258789,39.150001525878906,13.420000076293945,12.079999923706055
2024-10-25,49.91999816894531,39.02000045776367,13.15999984741211,11.779999732971191
2024-10-28,50.150001525878906,39.15999984741211,13.760000228881836,11.949999809265137
2024-10-29,50.13999938964844,39.150001525878906,14.319999694824219,12.539999961853027
2024-10-30,50.02000045776367,39.08000183105469,14.199999809265137,12.670000076293945
2024-10-31,49.349998474121094,38.529998779296875,13.819999694824219,12.010000228881836
2024-11-01,49.560001373291016,38.689998626708984,13.729999542236328,12.100000381469727
2024-11-04,49.529998779296875,38.709999084472656,13.289999961853027,11.550000190734863
2024-11-05,49.83000183105469,38.90999984741211,13.640000343322754,11.529999732971191
2024-11-06,50.349998474121094,39.290000915527344,15.079999923706055,12.920000076293945
2024-11-07,50.79999923706055,39.650001525878906,15.079999923706055,13.850000381469727
2024-11-08,50.63999938964844,39.5099983215332,15.164999961853027,14.0600004196167
2024-11-11,50.75,39.540000915527344,17.209999084472656,16.06999969482422
2024-11-12,51.0,39.75,17.719999313354492,15.739999771118164
2024-11-13,51.18000030517578,39.869998931884766,17.84000015258789,15.239999771118164
2024-11-14,51.290000915527344,39.95000076293945,17.469999313354492,14.979999542236328
2024-11-15,51.02000045776367,39.7400016784668,18.290000915527344,14.949999809265137
2024-11-18,51.18000030517578,39.869998931884766,18.15999984741211,15.1899995803833
2024-11-19,51.2400016784668,39.93000030517578,18.309999465942383,14.890000343322754
2024-11-20,51.29999923706055,39.970001220703125,18.709999084472656,14.75
2024-11-21,52.040000915527344,40.54999923706055,19.469999313354492,16.049999237060547
2024-11-22,52.15999984741211,40.63999938964844,19.68000030517578,15.800000190734863
2024-11-25,52.13999938964844,40.59000015258789,18.81999969482422,16.809999465942383
2024-11-26,52.13999938964844,40.58000183105469,18.149999618530273,16.040000915527344
2024-11-27,52.290000915527344,40.689998626708984,19.229999542236328,17.450000762939453
2024-11-28,52.43000030517578,40.81999969482422,18.860000610351562,17.1200008392334
2024-11-29,52.630001068115234,40.9900016784668,19.3700008392334,17.350000381469727
2024-12-02,52.52000045776367,40.88999938964844,19.059999465942383,17.420000076293945
2024-12-03,52.619998931884766,40.970001220703125,19.09000015258789,17.43000030517578
2024-12-04,52.619998931884766,40.97999954223633,19.739999771118164,18.75
2024-12-05,52.709999084472656,41.060001373291016,19.739999771118164,18.459999084472656
2024-12-06,52.77000045776367,41.06999969482422,20.389999389648438,19.700000762939453
2024-12-09,52.63999938964844,40.970001220703125,19.360000610351562,18.239999771118164
2024-12-10,52.400001525878906,40.77000045776367,19.3799991607666,17.760000228881836
2024-12-11,52.70000076293945,41.02000045776367,20.360000610351562,18.649999618530273
2024-12-12,52.220001220703125,40.650001525878906,20.15999984741211,18.979999542236328
2024-12-13,51.96500015258789,40.439998626708984,20.559999465942383,19.18000030517578
2024-12-16,51.77000045776367,40.2599983215332,21.3799991607666,19.850000381469727
2024-12-17,51.689998626708984,40.22999954223633,21.649999618530273,19.31999969482422
2024-12-18,50.54999923706055,39.310001373291016,20.579999923706055,18.290000915527344
2024-12-19,50.2400016784668,39.09000015258789,19.639999389648438,16.639999389648438
2024-12-20,50.630001068115234,39.380001068115234,19.6299991607666,17.030000686645508
2024-12-23,50.939998626708984,39.63999938964844,18.940000534057617,16.739999771118164
2024-12-24,51.099998474121094,39.7400016784668,20.139999389648438,17.25
2024-12-27,51.04999923706055,39.720001220703125,19.280000686645508,16.459999084472656
2024-12-30,50.279998779296875,39.189998626708984,19.149999618530273,16.690000534057617
2024-12-31,50.5099983215332,39.40999984741211,19.020000457763672,16.5
2025-01-02,50.86000061035156,39.68000030517578,19.829999923706055,17.03499984741211
2025-01-03,51.22999954223633,39.959999084472656,20.1299991607666,17.8799991607666
2025-01-06,51.09000015258789,39.849998474121094,20.760000228881836,18.06999969482422
2025-01-07,50.95500183105469,39.75,19.6200008392334,16.649999618530273
2025-01-08,51.20500183105469,39.91999816894531,19.1299991607666,16.170000076293945
2025-01-09,51.27000045776367,39.970001220703125,18.719999313354492,15.75
2025-01-10,50.65999984741211,39.52000045776367,19.31999969482422,16.1200008392334
2025-01-13,50.209999084472656,39.13999938964844,19.079999923706055,15.25
2025-01-14,50.310001373291016,39.209999084472656,19.6299991607666,15.829999923706055
2025-01-15,50.7400016784668,39.540000915527344,20.209999084472656,16.850000381469727
2025-01-16,50.88999938964844,39.63999938964844,20.489999771118164,16.469999313354492
2025-01-17,51.32500076293945,39.97999954223633,21.450000762939453,17.440000534057617
2025-01-20,51.525001525878906,40.15999984741211,20.989999771118164,16.299999237060547
2025-01-21,51.77000045776367,40.33000183105469,21.510000228881836,16.25
2025-01-22,51.83000183105469,40.380001068115234,21.229999542236328,16.049999237060547
2025-01-23,52.06999969482422,40.58000183105469,21.0,16.020000457763672
2025-01-24,52.150001525878906,40.630001068115234,21.31999969482422,16.43000030517578
2025-01-27,51.849998474121094,40.36000061035156,20.6200008392334,15.449999809265137
2025-01-28,52.099998474121094,40.58000183105469,20.604999542236328,15.25
2025-01-29,52.189998626708984,40.650001525878906,21.260000228881836,15.489999771118164
2025-01-30,52.91999816894531,41.220001220703125,21.489999771118164,16.040000915527344
2025-01-31,52.400001525878906,40.77000045776367,20.8700008392334,16.350000381469727
2025-02-03,51.84000015258789,40.290000915527344,20.8799991607666,13.5
2025-02-04,51.84000015258789,40.36000061035156,19.989999771118164,13.399999618530273
2025-02-05,52.43000030517578,40.83000183105469,19.690000534057617,13.520000457763672
2025-02-06,52.380001068115234,40.77000045776367,19.59000015258789,13.3100004196167
2025-02-07,52.19499969482422,40.619998931884766,19.34000015258789,12.649999618530273
2025-02-10,52.63999938964844,40.959999084472656,19.690000534057617,13.15999984741211
2025-02-11,52.61000061035156,40.939998626708984,19.25,12.6899995803833
2025-02-12,52.45000076293945,40.83000183105469,19.600000381469727,13.09000015258789
2025-02-13,52.72999954223633,41.029998779296875,19.329999923706055,12.880000114440918
2025-02-14,52.349998474121094,40.709999084472656,19.489999771118164,13.229999542236328
2025-02-18,52.65999984741211,41.0,18.860000610351562,12.75
2025-02-19,52.65999984741211,40.93000030517578,19.34000015258789,13.25
2025-02-20,52.41999816894531,40.77000045776367,19.729999542236328,13.300000190734863
2025-02-21,51.68000030517578,40.189998626708984,19.09000015258789,12.770000457763672
2025-02-24,51.68000030517578,40.20000076293945,18.950000762939453,12.869999885559082
2025-02-25,51.79999923706055,40.27000045776367,17.81999969482422,12.1899995803833
2025-02-26,52.06999969482422,40.4900016784668,17.079999923706055,11.40999984741211
2025-02-27,51.689998626708984,40.16999816894531,17.010000228881836,11.100000381469727
2025-02-28,52.22999954223633,40.59000015258789,17.200000762939453,10.979999542236328
2025-03-03,51.43000030517578,39.9900016784668,17.59000015258789,10.550000190734863
2025-03-04,50.599998474121094,39.290000915527344,17.739999771118164,10.569999694824219
2025-03-05,51.209999084472656,39.779998779296875,18.350000381469727,10.949999809265137
2025-03-06,50.599998474121094,39.31999969482422,18.030000686645508,10.789999961853027
2025-03-07,50.939998626708984,39.599998474121094,17.649999618530273,10.59000015258789
2025-03-10,50.209999084472656,39.0099983215332,16.09000015258789,9.229999542236328
2025-03-11,49.900001525878906,38.81999969482422,16.920000076293945,9.640000343322754
2025-03-12,50.25,39.11000061035156,16.8700008392334,9.229999542236328
2025-03-13,49.790000915527344,38.75,16.350000381469727,9.140000343322754
2025-03-14,50.540000915527344,39.33000183105469,17.149999618530273,9.479999542236328
2025-03-17,50.9900016784668,39.709999084472656,17.049999237060547,9.460000038146973
2025-03-18,50.81999969482422,39.59000015258789,16.6200008392334,9.3100004196167
2025-03-19,51.59000015258789,40.13999938964844,17.280000686645508,9.920000076293945
2025-03-20,51.58000183105469,40.13999938964844,17.020000457763672,9.640000343322754
2025-03-21,51.029998779296875,40.0,16.989999771118164,9.680000305175781
2025-03-24,51.70000076293945,40.540000915527344,17.8700008392334,10.220000267028809
2025-03-25,51.77000045776367,40.61000061035156,17.770000457763672,10.119999885559082
2025-03-26,51.40999984741211,40.06999969482422,17.469999313354492,9.770000457763672
2025-03-27,51.400001525878906,40.040000915527344,17.610000610351562,9.800000190734863
2025-03-28,50.599998474121094,39.43000030517578,16.93000030517578,9.170000076293945
2025-03-31,50.9900016784668,39.7400016784668,16.75,8.979999542236328
2025-04-01,51.25,39.91999816894531,17.18000030517578,9.329999923706055
2025-04-02,51.81999969482422,40.349998474121094,17.559999465942383,9.34000015258789
2025-04-03,49.83000183105469,38.79999923706055,16.309999465942383,8.59000015258789
2025-04-04,47.52000045776367,36.9900016784668,16.860000610351562,8.789999961853027
2025-04-07,46.86000061035156,36.439998626708984,15.699999809265137,7.5
2025-04-08,46.11000061035156,35.91999816894531,15.425000190734863,7.130000114440918
2025-04-09,48.59000015258789,37.84000015258789,16.389999389648438,7.889999866485596
2025-04-10,47.150001525878906,36.72999954223633,15.699999809265137,7.210000038146973
2025-04-11,48.310001373291016,37.650001525878906,16.459999084472656,7.429999828338623
2025-04-14,48.900001525878906,38.099998474121094,16.6299991607666,7.739999771118164
2025-04-15,49.29999923706055,38.400001525878906,16.559999465942383,7.659999847412109
2025-04-16,49.33000183105469,38.470001220703125,16.5049991607666,7.5
2025-04-17,49.52000045776367,38.619998931884766,16.579999923706055,7.460000038146973
2025-04-21,49.130001068115234,38.33000183105469,17.079999923706055,7.429999828338623
2025-04-22,49.779998779296875,38.790000915527344,17.860000610351562,8.015000343322754
2025-04-23,50.150001525878906,39.060001373291016,18.34000015258789,8.449999809265137
2025-04-24,50.69499969482422,39.47999954223633,18.299999237060547,8.329999923706055
2025-04-25,50.66999816894531,39.47999954223633,18.65999984741211,8.529999732971191
2025-04-28,50.86000061035156,39.61000061035156,18.489999771118164,8.470000267028809
2025-04-29,51.029998779296875,39.7400016784668,18.600000381469727,8.59000015258789
2025-04-30,50.91999816894531,39.65999984741211,18.299999237060547,8.390000343322754
2025-05-01,50.900001525878906,39.630001068115234,18.850000381469727,8.699999809265137
2025-05-02,51.36000061035156,39.97999954223633,18.8700008392334,8.680000305175781
2025-05-05,51.220001220703125,39.880001068115234,18.389999389648438,8.550000190734863
2025-05-06,51.20000076293945,39.900001525878906,18.440000534057617,8.380000114440918
2025-05-07,51.58000183105469,40.16999816894531,18.770000457763672,8.479999542236328
2025-05-08,51.81999969482422,40.349998474121094,19.860000610351562,10.039999961853027
2025-05-09,52.0,40.52000045776367,20.280000686645508,11.09000015258789
2025-05-12,52.369998931884766,40.79999923706055,20.06999969482422,11.729999542236328
2025-05-13,52.56999969482422,40.939998626708984,20.610000610351562,12.770000457763672
2025-05-14,52.720001220703125,41.04999923706055,20.34000015258789,12.399999618530273
2025-05-15,53.220001220703125,41.40999984741211,20.309999465942383,12.029999732971191
2025-05-16,53.36000061035156,41.540000915527344,20.520000457763672,12.350000381469727
2025-05-20,53.52000045776367,41.65999984741211,21.0,11.899999618530273
2025-05-21,53.06999969482422,41.33000183105469,21.239999771118164,11.890000343322754
2025-05-22,53.06999969482422,41.34000015258789,21.739999771118164,12.430000305175781
2025-05-23,53.09000015258789,41.38999938964844,21.059999465942383,11.989999771118164
2025-05-26,53.52000045776367,41.720001220703125,21.139999389648438,11.90999984741211
2025-05-27,53.85499954223633,42.0,21.40999984741211,12.65999984741211
2025-05-28,53.91999816894531,42.04999923706055,20.860000610351562,12.350000381469727
2025-05-29,53.779998779296875,41.93000030517578,20.56999969482422,12.470000267028809
2025-05-30,53.720001220703125,41.869998931884766,20.229999542236328,12.029999732971191
2025-06-02,54.150001525878906,42.25,20.170000076293945,11.819999694824219
2025-06-03,54.209999084472656,42.29999923706055,20.540000915527344,12.260000228881836
2025-06-04,54.0,42.150001525878906,20.219999313354492,12.220000267028809
2025-06-05,53.994998931884766,42.150001525878906,19.600000381469727,11.760000228881836
2025-06-06,54.20000076293945,42.310001373291016,20.149999618530273,11.579999923706055
2025-06-09,54.11000061035156,42.220001220703125,20.93000030517578,12.010000228881836
2025-06-10,54.209999084472656,42.31999969482422,21.1200008392334,12.90999984741211
2025-06-11,54.43000030517578,42.4900016784668,20.920000076293945,13.079999923706055
2025-06-12,54.599998474121094,42.619998931884766,20.469999313354492,12.520000457763672
2025-06-13,54.36000061035156,42.47999954223633,20.1200008392334,11.699999809265137
2025-06-16,54.529998779296875,42.58000183105469,20.764999389648438,12.289999961853027
2025-06-17,54.45000076293945,42.529998779296875,20.110000610351562,11.760000228881836
2025-06-18,54.5099983215332,42.56999969482422,20.0,11.609999656677246
2025-06-19,54.400001525878906,42.52000045776367,20.100000381469727,11.654999732971191
2025-06-20,54.029998779296875,42.47999954223633,19.989999771118164,11.329999923706055
2025-06-23,54.279998779296875,42.66999816894531,19.950000762939453,10.829999923706055
2025-06-24,54.5099983215332,42.81999969482422,20.399999618530273,11.369999885559082
2025-06-25,54.189998626708984,42.29999923706055,20.799999237060547,11.350000381469727
2025-06-26,54.540000915527344,42.59000015258789,20.639999389648438,11.289999961853027
2025-06-27,54.470001220703125,42.52000045776367,20.6200008392334,11.25
2025-06-30,54.83000183105469,42.79999923706055,20.65999984741211,11.65999984741211
2025-07-02,54.869998931884766,42.849998474121094,20.979999542236328,12.055000305175781
2025-07-03,55.21500015258789,43.11000061035156,21.0,11.949999809265137
2025-07-04,55.22999954223633,43.130001068115234,20.6200008392334,11.529999732971191
2025-07-07,55.16999816894531,43.09000015258789,20.780000686645508,11.819999694824219
